id,expiration_date,status,order_id,profile_id,user_id
1045,2026-08-23 10:51:49.211566+00,active,2301,211,69
806,2026-08-23 22:20:25.296654+00,active,2322,311,1154
791,2026-10-23 13:20:46.070104+00,active,2305,1,1141
608,2026-07-27 23:52:00+00,active,1809,65,584
59,2026-09-17 13:27:33.544369+00,active,1545,146,109
518,2026-10-04 11:15:15.25034+00,active,1876,233,914
957,2026-08-10 16:39:45.119598+00,active,2049,362,1257
389,2026-08-11 23:23:00+00,active,2083,249,539
118,2026-09-29 10:30:59.792528+00,active,1794,103,36
485,2026-07-29 22:42:41.772533+00,active,894,62,228
470,2026-08-26 15:47:05.551045+00,active,1957,138,979
167,2026-09-29 23:40:00+00,active,296,260,856
546,2026-08-12 17:06:05.698703+00,active,2104,273,926
750,2026-08-19 18:12:51.545729+00,active,2162,200,1109
87,2026-10-22 19:44:12.459653+00,active,132,7,816
9,2026-08-04 23:02:00+00,active,2147,63,143
491,2026-07-30 10:26:05.352959+00,active,1965,72,429
336,2026-08-08 17:02:17.202913+00,active,2004,78,475
122,2026-09-22 15:49:27.211165+00,active,1505,142,726
64,2026-08-16 23:20:00+00,active,2202,151,803
27,2026-09-15 17:22:55.276642+00,active,1512,92,56
466,2026-10-23 20:15:51.164409+00,active,834,79,975
135,2026-08-22 19:19:19.456998+00,active,1189,190,188
851,2026-07-28 23:02:00+00,active,1807,75,457
208,2026-09-24 12:01:00+00,active,1258,36,555
48,2026-08-18 00:00:00+00,active,2272,119,533
105,2026-08-21 15:55:58.271977+00,active,2276,182,390
1046,2026-08-22 23:55:00+00,active,2302,26,69
958,2026-08-10 16:44:04.876194+00,active,2050,363,1258
964,2026-08-11 12:49:49.923034+00,active,2057,366,1262
856,2026-12-30 17:39:10.888878+00,active,1828,78,1195
221,2026-07-28 19:43:09.356338+00,active,1799,171,100
191,2026-12-23 22:24:24.10894+00,active,1070,236,566
229,2026-07-29 07:31:31.547251+00,active,1823,34,21
863,2026-07-29 23:24:00+00,active,1842,326,1200
861,2026-07-30 19:13:47.294994+00,active,1817,348,1191
195,2027-06-27 16:02:46.53217+00,active,1820,79,372
175,2026-05-27 15:12:07.696312+00,expired,1060,,28
4,2026-08-14 10:06:00+00,active,2340,14,785
171,2026-08-25 23:15:00+00,active,2356,74,17
165,2026-08-25 15:09:44.159219+00,active,2358,234,855
166,2026-08-25 15:09:44.416416+00,active,2360,18,855
494,2026-05-31 13:16:01.615145+00,expired,906,,541
309,2026-06-05 23:13:08.3492+00,expired,989,,226
468,2026-05-26 20:46:07.587082+00,expired,835,,607
136,2026-06-23 19:20:25.810749+00,expired,1190,,188
163,2026-05-26 12:53:38.164164+00,expired,866,,327
533,2026-06-08 17:19:27.955364+00,expired,983,,226
525,2026-06-06 20:18:31.88732+00,expired,973,,1000
482,2026-05-29 09:21:39.500822+00,expired,868,,255
388,2026-06-11 23:23:00+00,expired,1055,242,539
153,2026-07-24 00:00:00+00,expired,730,119,847
483,2026-05-31 23:56:00+00,expired,882,,158
460,2026-07-25 08:16:57.681107+00,expired,821,53,228
142,2026-05-25 07:53:35.563566+00,expired,950,,119
237,2026-05-31 17:24:25.933653+00,expired,909,252,870
534,2026-06-08 20:14:18.301918+00,expired,990,,1001
454,2026-05-23 20:41:30.747428+00,expired,796,,967
294,2026-06-04 17:49:55.433235+00,expired,969,,892
276,2026-06-03 09:29:02.647009+00,expired,960,,609
119,2026-06-22 10:37:10.397015+00,expired,209,,741
382,2026-05-13 23:40:50.558941+00,expired,626,,620
232,2026-05-30 14:31:15.978642+00,expired,1181,,224
255,2026-06-01 22:15:15.403112+00,expired,944,,876
209,2026-06-28 12:21:07.3395+00,expired,1215,33,859
496,2026-05-31 21:59:39.597193+00,expired,911,,671
671,2026-07-09 12:26:09.681422+00,expired,1396,,1032
121,2026-04-23 14:26:51.129338+00,expired,221,,835
45,2026-04-17 19:17:44.634366+00,expired,66,,29
123,2026-04-23 18:09:30.041243+00,expired,223,,837
91,2026-04-21 00:49:40.151793+00,expired,143,,817
76,2026-04-19 13:27:16.907433+00,expired,111,,648
126,2026-04-23 23:19:00+00,expired,229,,838
220,2026-04-25 23:32:00+00,expired,322,,495
222,2026-04-29 19:43:10.882193+00,expired,373,,867
28,2026-04-16 00:00:00.673331+00,expired,43,,792
66,2026-04-18 20:25:25.43932+00,expired,96,,804
526,2026-06-29 23:37:00+00,expired,977,17,618
60,2026-04-18 13:59:00.525182+00,expired,83,,801
564,2026-07-22 23:33:00+00,expired,1531,105,837
62,2026-04-18 14:28:59.085122+00,expired,87,,632
88,2026-04-20 20:26:23.952448+00,expired,129,,191
58,2026-04-16 23:09:00+00,expired,84,,626
124,2026-04-23 18:37:24.556918+00,expired,224,,625
72,2026-04-19 10:50:31.433512+00,expired,106,,810
125,2026-04-21 23:20:00+00,expired,227,,831
34,2026-04-17 09:17:38.608592+00,expired,55,,569
116,2026-06-22 09:47:55.272853+00,expired,210,,833
154,2026-07-24 16:09:16.968665+00,expired,275,52,847
16,2026-04-16 00:00:00.304861+00,expired,28,,271
67,2026-04-16 23:04:00+00,expired,97,,715
35,2026-04-16 23:40:00+00,expired,56,,56
796,2026-07-23 15:44:42.46971+00,expired,1669,104,118
758,2026-07-20 15:05:30.40011+00,expired,1612,75,683
42,2026-07-22 13:37:48.002779+00,expired,1693,,638
595,2026-07-24 09:49:15.080965+00,expired,1712,157,1023
129,2026-08-23 12:28:21.161939+00,active,2367,196,840
746,2026-11-19 13:12:44.84619+00,active,2386,297,885
801,2026-07-23 19:43:58.714863+00,expired,1680,306,1145
559,2026-06-15 16:57:40.761953+00,expired,1085,,885
138,2026-07-23 23:18:00+00,expired,1775,51,427
805,2026-07-23 22:19:29.169269+00,expired,1674,,84
803,2026-07-23 20:48:27.728712+00,expired,1679,11,1152
183,2026-07-26 20:11:14.517208+00,expired,1737,229,616
178,2026-08-26 15:38:29.60858+00,active,2362,123,859
473,2026-05-27 21:37:21.450913+00,expired,850,,974
224,2026-10-28 20:28:07.887205+00,active,2122,64,651
665,2026-08-08 22:03:03.602377+00,active,2107,133,533
155,2026-09-21 23:14:00+00,active,1741,156,177
486,2026-07-30 22:59:22.001075+00,active,1923,116,957
649,2026-08-04 07:09:14.722126+00,active,2025,95,876
250,2026-08-01 20:49:14.033966+00,active,2024,3,876
186,2026-09-26 21:04:31.452298+00,active,1772,235,860
151,2026-07-27 23:59:00+00,active,1777,193,153
959,2026-08-10 20:29:16.978658+00,active,2052,119,1259
782,2026-09-22 20:21:48.056217+00,active,1643,114,795
965,2026-08-11 12:52:18.240461+00,active,2054,18,188
1050,2026-08-24 09:46:38.253125+00,active,2306,152,423
384,2026-10-05 23:32:00+00,active,629,159,908
353,2026-10-08 23:27:00+00,active,2038,204,772
969,2026-08-11 22:46:27.402817+00,active,2068,365,1265
457,2026-08-23 19:19:46.006945+00,active,2248,51,964
1051,2026-08-24 12:14:24.230007+00,active,2310,124,709
128,2026-07-29 23:47:00+00,active,1819,197,839
110,2026-08-07 23:57:00+00,active,2109,72,85
337,2026-08-08 17:27:09.952286+00,active,2005,24,475
340,2026-08-09 23:01:00+00,active,2119,106,12
287,2026-08-15 12:28:32.985622+00,active,2193,109,34
355,2026-08-09 23:41:00+00,active,1981,10,19
267,2027-04-03 20:33:33.223053+00,active,447,115,882
317,2026-08-06 17:10:16.457461+00,active,1710,227,17
108,2026-08-07 23:58:00+00,active,2111,47,85
109,2026-08-07 23:58:00+00,active,2110,123,85
538,2026-08-09 19:11:21.465787+00,active,2135,12,624
860,2026-07-30 19:13:41.713458+00,active,1831,330,1197
266,2026-09-30 23:11:00+00,active,1862,9,579
500,2026-08-01 14:37:32.413481+00,active,1880,204,887
343,2026-08-04 23:52:00+00,active,1934,157,912
487,2026-07-30 22:59:24.860549+00,active,1924,124,957
286,2026-10-04 14:39:29.326206+00,active,2183,302,232
285,2026-10-17 23:25:00+00,active,2184,128,232
357,2026-08-08 23:21:00+00,active,2022,241,467
520,2026-08-04 20:37:19.190771+00,active,1953,254,525
341,2026-09-08 18:13:43.558312+00,active,1984,52,859
542,2026-08-17 18:09:27.596729+00,active,2207,110,915
339,2026-08-15 17:30:56.71945+00,active,2007,185,475
338,2026-08-08 17:27:10.615523+00,active,2006,122,475
335,2026-08-08 17:02:07.999791+00,active,2003,117,475
605,2026-08-26 12:26:31.187525+00,active,2347,253,967
53,2026-06-15 11:51:43.612141+00,expired,1096,,498
174,2026-04-27 15:06:02.049834+00,expired,312,,858
599,2026-06-24 18:58:19.594852+00,expired,1184,,959
170,2026-04-26 19:15:15.320558+00,expired,299,,548
29,2026-06-22 00:00:00.329889+00,expired,1076,,790
144,2026-04-25 09:29:14.427575+00,expired,262,,760
226,2026-04-29 21:02:58.627293+00,expired,389,,866
146,2026-04-25 09:50:42.603159+00,expired,236,,98
148,2026-04-25 10:13:40.736346+00,expired,264,,424
225,2026-04-29 20:53:25.402655+00,expired,382,,868
231,2026-04-30 13:53:52.317098+00,expired,395,,298
256,2026-05-03 11:13:51.534374+00,expired,429,,530
156,2026-06-24 16:13:37.884862+00,expired,279,,622
236,2026-04-30 21:01:44.062054+00,expired,404,,160
139,2026-04-22 23:29:00+00,expired,248,,427
332,2026-07-08 23:50:00+00,expired,545,,268
143,2026-04-25 09:29:07.911472+00,expired,258,,760
189,2026-04-27 21:40:41.955665+00,expired,329,,861
150,2026-04-25 11:53:44.855259+00,expired,272,,395
184,2026-04-27 20:32:07.289756+00,expired,320,,47
227,2026-04-29 21:25:00.043204+00,expired,369,251,642
185,2026-04-26 23:34:00+00,expired,324,,84
159,2026-04-25 19:39:19.230105+00,expired,282,,851
196,2026-04-28 16:44:23.865991+00,expired,345,,863
245,2026-05-02 16:22:55.754271+00,expired,419,,575
246,2026-05-02 16:23:10.011125+00,expired,420,,575
234,2026-04-30 17:06:10.1901+00,expired,400,,263
247,2026-06-08 15:02:22.523488+00,expired,421,,875
164,2026-04-26 12:53:39.037694+00,expired,290,,854
254,2026-04-25 23:46:00+00,expired,427,,852
190,2026-04-27 22:06:58.20227+00,expired,332,,326
192,2026-04-28 13:21:47.350203+00,expired,338,,778
194,2026-04-28 13:38:52.09796+00,expired,336,,862
324,2026-05-08 14:52:18.23624+00,expired,532,,531
315,2026-05-07 12:04:55.109269+00,expired,519,,624
334,2026-05-09 16:41:26.834005+00,expired,553,,4
373,2026-05-12 15:18:12.57951+00,expired,605,,620
418,2026-05-19 08:23:44.013458+00,expired,707,,792
325,2026-05-07 23:53:00+00,expired,538,,531
654,2026-07-05 17:55:01.286005+00,expired,1337,16,77
376,2026-06-13 00:04:17.475983+00,expired,615,,77
670,2026-07-09 09:06:03.06484+00,expired,1389,,1050
85,2026-05-25 13:25:48.558585+00,expired,1266,,621
82,2026-07-18 21:56:36.341459+00,expired,1620,,814
640,2026-07-02 09:03:28.848757+00,expired,1290,,980
699,2026-07-15 05:31:33.57688+00,expired,1483,25,707
49,2026-04-22 23:51:00+00,expired,783,,143
453,2026-07-20 23:50:00+00,expired,799,149,294
216,2026-06-27 23:50:00+00,expired,1279,240,864
644,2026-07-03 14:20:34.846832+00,expired,1311,,607
193,2026-07-13 23:19:00+00,expired,1471,72,862
503,2026-07-01 15:24:34.498889+00,expired,1373,11,715
736,2026-07-18 13:36:38.846449+00,expired,1563,,1097
299,2026-07-08 23:10:00+00,expired,1429,,773
744,2026-07-17 23:12:00+00,expired,1574,78,1102
187,2026-07-27 21:27:18.172544+00,expired,1746,51,861
737,2026-07-18 17:48:29.353209+00,expired,1564,,1098
780,2026-07-22 19:11:03.061373+00,expired,1647,,1136
130,2026-04-24 17:07:34.040572+00,expired,241,,28
197,2026-06-26 23:26:00+00,expired,1804,132,863
145,2026-07-24 09:42:13.68295+00,expired,829,137,849
179,2026-08-26 15:38:35.632981+00,active,2363,132,859
180,2026-10-26 15:52:14.937408+00,active,2364,119,859
177,2026-07-25 23:04:00+00,expired,1732,223,154
346,2026-08-09 10:20:52.739871+00,active,2000,117,859
387,2026-10-09 23:20:00+00,active,624,7,884
476,2026-08-26 22:34:23.584348+00,active,2048,76,979
960,2026-08-10 20:29:17.612691+00,active,2051,358,1259
403,2026-08-12 23:31:00+00,active,2080,41,770
852,2026-07-29 23:16:59.18653+00,active,1812,325,959
452,2026-10-19 23:41:00+00,active,798,147,198
448,2026-10-21 12:30:17.195215+00,active,2262,239,221
467,2027-02-24 23:17:00+00,active,2309,101,975
1052,2026-08-24 12:15:08.223701+00,active,2312,117,709
420,2026-10-15 23:58:00+00,active,713,48,816
521,2026-08-05 19:56:51.355565+00,active,1909,42,859
421,2026-10-16 10:01:37.178349+00,active,714,114,816
424,2026-10-16 10:26:49.151727+00,active,716,75,816
423,2026-10-16 10:26:46.090861+00,active,715,208,816
667,2026-08-16 07:58:47.815631+00,active,2168,150,1048
474,2026-08-06 23:10:00+00,active,2008,272,982
426,2026-08-18 00:00:00+00,active,2211,276,957
646,2026-09-03 15:47:03.165312+00,active,1319,283,397
652,2027-06-04 16:29:54.383892+00,active,1333,76,301
857,2026-07-30 17:52:00+00,active,1813,334,1190
637,2026-08-01 20:48:39.100532+00,active,2023,77,876
411,2026-10-17 09:19:34.0268+00,active,2187,226,228
498,2026-09-28 23:00:00+00,active,916,122,816
507,2026-07-30 23:44:00+00,active,1937,209,991
961,2026-08-11 01:34:36.468385+00,active,2055,368,1261
966,2026-08-11 13:19:42.241604+00,active,2062,129,1263
853,2026-09-26 23:47:00+00,active,1802,155,1188
568,2026-08-24 18:11:33.804368+00,active,1872,174,521
593,2026-08-06 23:17:00+00,active,1976,50,349
552,2027-05-14 12:05:49.700194+00,active,1069,274,997
621,2026-06-28 17:52:13.072534+00,expired,1248,,694
579,2026-06-20 12:53:37.891665+00,expired,1136,,1015
371,2026-06-09 23:36:00+00,expired,1051,,929
612,2026-07-04 11:57:48.941452+00,expired,1211,,1031
117,2026-04-23 10:14:16.994868+00,expired,211,,834
516,2026-06-03 19:14:29.22528+00,expired,949,,424
535,2026-06-08 20:55:59.286035+00,expired,994,,1003
407,2026-06-16 20:25:49.880862+00,expired,1084,,946
529,2026-06-07 19:34:15.466948+00,expired,981,,610
495,2026-05-31 17:17:09.968748+00,expired,908,,425
451,2026-05-23 13:42:04.282886+00,expired,787,,784
308,2026-05-06 23:13:05.088704+00,expired,513,,899
133,2026-05-01 18:33:24.712127+00,expired,244,,842
478,2026-05-28 18:55:02.926203+00,expired,862,,863
265,2026-06-02 18:58:05.089816+00,expired,975,,571
350,2026-06-09 20:26:28.082401+00,expired,1061,,916
200,2026-06-27 16:52:43.555697+00,expired,1242,,863
65,2026-04-18 20:11:24.128385+00,expired,93,,804
469,2026-05-27 10:50:04.733732+00,expired,838,,976
614,2026-06-27 13:04:56.089245+00,expired,1213,,71
558,2026-06-14 21:08:24.79464+00,expired,1080,,862
620,2026-06-28 12:27:02.137451+00,expired,1222,,387
752,2026-07-19 20:45:43.849475+00,expired,1592,,771
540,2026-06-09 19:26:42.727967+00,expired,1006,49,1005
391,2026-06-13 17:12:44.545958+00,expired,846,,933
493,2026-05-31 12:57:00.403039+00,expired,905,,395
492,2026-05-31 10:26:05.758343+00,expired,904,,687
10,2026-06-04 23:03:00+00,expired,968,,143
298,2026-05-05 20:56:57.46628+00,expired,497,,893
531,2026-06-08 16:26:00.036216+00,expired,985,,930
111,2026-05-13 23:57:00+00,expired,199,,85
450,2026-06-12 15:48:25.983562+00,expired,782,,966
134,2026-04-24 18:51:56.163677+00,expired,238,,28
536,2026-06-08 20:56:16.535816+00,expired,993,,1002
413,2026-05-18 14:00:19.605203+00,expired,695,,953
414,2026-05-18 15:57:53.241395+00,expired,698,,954
433,2026-05-20 00:00:00+00,expired,739,,959
539,2026-06-09 19:11:23.469772+00,expired,1000,,624
480,2026-05-28 20:04:54.768978+00,expired,855,,983
412,2026-05-18 13:56:55.223693+00,expired,694,,952
304,2026-07-05 23:18:00+00,expired,508,,898
560,2026-06-15 19:47:52.408718+00,expired,1090,,582
157,2026-04-24 23:17:00+00,expired,270,,846
243,2026-05-01 20:02:45.642472+00,expired,413,,187
271,2026-07-02 23:01:13.032706+00,expired,455,54,884
321,2026-05-08 12:35:43.882555+00,expired,534,,228
263,2026-05-03 18:29:17.012363+00,expired,441,,179
326,2026-05-08 15:05:46.672769+00,expired,535,,72
249,2026-05-02 19:31:34.347737+00,expired,423,,452
306,2026-05-06 19:42:38.980048+00,expired,512,,671
347,2026-05-04 23:31:00+00,expired,565,,913
269,2026-05-03 21:14:51.830064+00,expired,448,,883
270,2026-07-02 22:33:54.614604+00,expired,452,129,884
258,2026-05-03 13:30:46.28785+00,expired,431,,179
295,2026-05-05 17:54:09.794993+00,expired,493,,891
666,2026-07-09 07:38:20.238624+00,expired,1386,,1047
360,2026-05-11 15:42:08.712601+00,expired,585,,922
259,2026-05-03 13:30:48.521145+00,expired,433,,877
302,2026-05-06 12:17:38.26083+00,expired,504,,896
264,2026-05-03 18:38:15.447931+00,expired,442,,300
318,2026-07-05 23:16:00+00,expired,523,,901
268,2026-05-03 21:13:47.345665+00,expired,449,,883
261,2026-05-01 18:16:00+00,expired,438,,593
293,2026-05-05 17:49:35.23235+00,expired,488,,446
610,2026-07-27 11:39:19.133786+00,expired,1796,118,22
313,2026-05-07 11:54:51.414845+00,expired,518,,624
333,2026-05-09 11:27:33.94388+00,expired,541,,906
281,2026-05-04 18:19:43.409921+00,expired,471,,745
345,2026-05-10 10:20:45.293374+00,expired,564,,62
349,2026-05-10 18:36:21.296998+00,expired,568,,914
348,2026-05-10 17:16:43.085729+00,expired,567,,915
331,2026-07-08 23:50:00+00,expired,546,28,268
361,2026-05-11 16:34:25.80393+00,expired,590,,737
320,2026-07-07 06:05:55.583762+00,expired,528,,180
296,2026-05-05 20:24:16.276078+00,expired,495,,697
528,2026-06-07 16:16:34.348478+00,expired,980,,875
479,2026-07-27 18:55:03.357929+00,expired,1806,4,863
477,2026-08-22 16:24:00+00,active,2294,48,859
592,2026-08-23 12:38:00.635518+00,active,2283,38,1022
554,2026-08-12 14:40:16.447985+00,active,1074,186,431
1053,2026-08-23 23:08:00+00,active,2323,161,1319
513,2026-09-02 17:10:56.465452+00,active,1296,121,993
509,2026-08-06 23:33:00+00,active,2069,6,881
524,2026-08-05 17:07:17.913581+00,active,972,110,670
591,2026-08-23 07:43:49.06991+00,active,2330,237,495
1049,2026-08-23 17:58:13.235655+00,active,2307,118,763
566,2026-11-14 13:31:31.365318+00,active,1111,19,1014
615,2026-08-04 16:59:07.713956+00,active,1931,76,741
617,2026-08-26 19:42:23.953056+00,active,1227,164,53
549,2026-08-13 11:40:59.941937+00,active,2099,118,887
858,2026-07-28 23:46:00+00,active,1833,237,1189
589,2026-11-19 17:28:59.767599+00,active,1164,26,1021
590,2026-11-19 17:39:23.537857+00,active,1165,143,1021
864,2026-08-01 12:31:08.82435+00,active,1841,331,1198
594,2026-08-21 23:10:00+00,active,1169,158,733
867,2026-08-01 21:33:30.575742+00,active,1853,335,896
563,2026-08-14 21:47:47.640429+00,active,1082,208,726
572,2026-07-29 23:09:00+00,active,1824,284,931
872,2026-08-02 06:42:08.340024+00,active,1859,336,1204
647,2026-08-02 23:59:00+00,active,1975,61,349
619,2026-08-28 12:10:57.095636+00,active,2026,291,876
622,2026-07-29 23:46:00+00,active,1251,171,89
623,2026-11-26 23:19:00+00,active,1252,184,426
137,2026-07-30 23:18:00+00,active,1776,118,427
684,2026-08-12 12:04:28.495005+00,active,2114,75,671
708,2026-08-16 11:30:41.476839+00,active,2115,43,671
688,2026-12-19 20:34:55.037604+00,active,1455,187,1068
630,2026-08-29 12:54:53.977807+00,active,1264,91,328
618,2026-06-27 22:32:55.198315+00,expired,1238,,924
515,2026-06-03 15:53:43.389282+00,expired,948,,771
545,2026-06-12 17:06:00.924046+00,expired,1056,,747
569,2026-06-15 23:52:00+00,expired,1102,,1013
570,2026-06-15 23:50:00+00,expired,1118,,1013
277,2026-06-01 23:33:00+00,expired,958,,609
52,2026-06-15 11:51:44.477249+00,expired,1095,49,498
297,2026-05-05 20:47:42.259048+00,expired,496,,893
541,2026-06-09 23:43:00+00,expired,1020,,812
512,2026-06-02 14:43:30.099842+00,expired,942,,995
631,2026-07-07 14:00:09.632818+00,expired,1265,30,601
611,2026-06-27 11:39:24.108172+00,expired,1209,51,22
517,2026-06-03 20:11:04.677746+00,expired,951,,353
352,2026-05-11 12:12:30.011993+00,expired,572,,919
553,2026-06-13 13:11:25.362947+00,expired,1073,,937
532,2026-06-08 16:26:02.352876+00,expired,986,54,930
627,2026-06-29 19:57:40.870674+00,expired,1259,,162
544,2026-06-11 11:32:13.05858+00,expired,1043,,161
501,2026-06-01 14:42:10.74169+00,expired,918,,707
669,2026-07-16 09:05:22.340684+00,expired,1394,,1051
363,2026-05-11 17:13:21.857842+00,expired,592,,737
188,2026-06-07 18:40:20.287496+00,expired,304,,255
502,2026-06-01 14:42:12.518466+00,expired,919,,707
434,2026-05-20 14:14:48.577978+00,expired,741,,151
262,2026-04-27 23:25:00+00,expired,440,,881
278,2026-05-04 13:09:33.96888+00,expired,465,,885
90,2026-04-14 23:34:00+00,expired,126,,47
284,2026-05-05 14:16:56.165076+00,expired,479,,120
366,2026-05-11 22:23:39.643163+00,expired,597,,926
12,2026-04-15 00:00:00.580059+00,expired,21,,687
368,2026-05-11 23:52:00+00,expired,606,,657
395,2026-05-15 11:21:58.720887+00,expired,642,,934
80,2026-05-15 12:40:29.667157+00,expired,120,,793
396,2026-05-15 13:41:58.320589+00,expired,652,,118
441,2026-05-21 19:34:19.404838+00,expired,767,,756
330,2026-07-08 23:51:00+00,expired,547,78,268
645,2026-07-03 14:20:41.105277+00,expired,1313,55,607
400,2026-05-16 12:17:23.065932+00,expired,660,,349
607,2026-07-26 20:24:20.650794+00,expired,1740,144,887
408,2026-05-17 20:29:28.82705+00,expired,682,,947
364,2026-05-11 19:38:11.679362+00,expired,594,,919
365,2026-05-11 20:48:51.972635+00,expired,595,,924
367,2026-05-12 07:30:59.722502+00,expired,598,,914
394,2026-05-15 09:20:16.884552+00,expired,641,,464
383,2026-05-14 12:18:10.299623+00,expired,628,,28
385,2026-05-14 12:35:10.392595+00,expired,627,,931
523,2026-06-06 16:22:21.402398+00,expired,971,55,1000
369,2026-05-12 14:50:26.852619+00,expired,599,,676
372,2026-05-12 15:11:06.330672+00,expired,607,,922
374,2026-07-06 23:36:00+00,expired,612,,23
405,2026-05-17 20:00:40.503491+00,expired,680,,945
375,2026-06-13 23:55:00+00,expired,611,,22
390,2026-05-14 14:52:28.463337+00,expired,633,,395
380,2026-05-13 15:22:50.923903+00,expired,621,,845
13,2026-04-15 00:00:00.671977+00,expired,22,,768
21,2026-05-15 08:14:09.826879+00,expired,17,,768
416,2026-05-18 18:38:27.121971+00,expired,701,,951
393,2026-05-15 08:14:10.690726+00,expired,639,,554
419,2026-05-19 08:52:22.797326+00,expired,708,,395
422,2026-05-19 10:26:43.161523+00,expired,711,,940
397,2026-05-15 16:00:23.700829+00,expired,654,,118
398,2026-05-16 11:54:58.418684+00,expired,658,,27
399,2026-05-16 12:01:58.438592+00,expired,659,,937
406,2026-05-16 23:03:00+00,expired,678,,944
742,2026-07-18 21:27:09.43397+00,expired,1568,,830
519,2026-07-13 19:44:55.293321+00,expired,1361,231,615
680,2026-07-11 17:15:06.189776+00,expired,1427,,1057
319,2026-07-13 22:09:52.129187+00,expired,1498,,904
322,2026-07-17 23:46:00+00,expired,1518,,457
613,2026-07-27 12:13:50.8637+00,expired,1851,76,1031
312,2026-07-06 11:43:01.261043+00,expired,1557,77,624
471,2026-05-27 15:49:04.281736+00,expired,842,,980
738,2026-07-18 18:35:09.899402+00,expired,1565,,1099
616,2026-07-27 19:40:08.24038+00,expired,1770,188,857
132,2026-04-24 18:10:05.742053+00,expired,243,,841
582,2026-07-20 19:45:30.653746+00,expired,1676,,287
604,2026-07-26 12:24:03.147672+00,expired,1739,119,887
629,2026-09-05 12:54:48.695057+00,active,1263,39,328
323,2026-08-06 14:51:00+00,active,1993,361,840
962,2026-08-11 12:21:24.564089+00,active,2058,363,1260
661,2026-08-14 22:01:09.119273+00,active,2056,228,1045
697,2026-09-14 18:19:50.713625+00,active,1472,238,1072
967,2026-08-11 15:27:02.082435+00,active,2063,365,554
275,2026-08-16 08:27:11.745142+00,active,2174,55,478
378,2026-08-10 23:44:00+00,active,2065,145,782
729,2026-08-18 07:47:44.969994+00,active,2138,192,624
968,2026-08-11 22:16:29.631565+00,active,2066,299,793
656,2026-09-13 11:39:23.726401+00,active,1351,79,89
687,2026-09-19 23:30:00+00,active,1453,323,489
859,2026-07-30 18:50:46.900155+00,active,1830,331,112
862,2026-07-30 21:44:16.34016+00,active,1838,213,1194
573,2026-08-18 06:00:00.332762+00,active,2234,23,464
788,2026-08-18 09:55:00+00,active,2240,225,1133
47,2026-08-18 00:00:00+00,active,2273,53,533
581,2026-08-20 17:25:24.209948+00,active,2246,128,964
1054,2026-08-23 23:08:00+00,active,2324,44,1319
794,2026-08-23 14:06:37.291946+00,active,2308,310,1149
871,2026-08-01 23:11:26.521821+00,active,1858,339,1012
694,2027-03-13 21:40:25.005714+00,active,1896,51,184
626,2026-07-29 17:36:24.843215+00,active,1878,281,1033
727,2026-08-17 21:19:34.248482+00,active,2215,186,515
252,2026-07-30 23:13:00+00,active,2112,73,85
695,2026-09-11 23:20:00+00,active,1470,35,228
693,2026-08-13 17:34:22.51999+00,active,2082,56,770
692,2026-08-13 17:34:17.245339+00,active,2081,77,770
711,2027-06-16 17:36:54.326054+00,active,1504,292,1080
527,2026-08-06 23:53:00+00,active,2001,194,501
550,2026-08-13 11:41:01.149018+00,active,2100,50,887
701,2026-08-15 12:15:37.620564+00,active,2213,116,108
700,2026-08-15 12:15:31.703833+00,active,2206,49,108
639,2026-08-02 08:27:08.19041+00,active,1868,68,120
707,2026-08-17 17:02:00+00,active,2159,106,1076
702,2026-10-15 16:45:42.022468+00,active,2173,189,1071
709,2026-08-16 11:50:17.365302+00,active,2179,114,887
657,2026-08-08 23:15:00+00,active,1980,374,19
716,2026-08-17 10:09:13.205319+00,active,2200,21,87
949,2026-08-09 16:04:05.286507+00,active,2032,15,1252
888,2026-08-03 23:20:46.840779+00,active,1904,346,1215
922,2026-08-07 18:54:09.36413+00,active,1966,359,438
963,2026-08-10 23:24:00+00,active,2059,16,427
877,2026-08-02 22:39:05.376346+00,active,1870,46,521
757,2026-09-20 12:42:44.9793+00,active,1605,216,1113
899,2026-08-05 13:09:16.773939+00,active,1932,349,741
901,2026-08-05 14:13:06.759873+00,active,1935,72,358
833,2026-07-27 23:33:00+00,active,1726,320,1170
835,2026-09-24 23:41:00+00,active,1754,321,1176
878,2026-08-03 13:17:02.867012+00,active,1873,72,521
880,2026-10-03 15:18:42.678492+00,active,1883,17,1209
903,2026-08-05 15:28:12.545433+00,active,1939,342,1225
843,2026-07-28 13:33:48.768295+00,active,1765,158,1180
845,2026-07-27 23:20:00+00,active,1748,324,165
905,2026-08-05 15:54:20.267532+00,active,1941,350,1227
882,2026-08-03 18:00:40.931629+00,active,1893,102,255
884,2026-08-03 19:06:43.637929+00,active,1885,341,966
735,2026-08-18 09:40:41.462196+00,active,2231,4,1095
73,2026-04-08 23:04:00+00,expired,108,,19
92,2026-05-21 18:48:39.510705+00,expired,784,,792
181,2026-06-26 15:58:03.208886+00,expired,1207,,21
543,2026-06-18 08:42:22.769236+00,expired,1041,,896
356,2026-05-11 13:01:24.101587+00,expired,577,,28
257,2026-05-03 11:53:39.45264+00,expired,430,,524
588,2026-06-22 15:25:48.01289+00,expired,1162,,548
168,2026-04-26 16:29:48.658945+00,expired,297,,366
158,2026-04-24 23:22:00+00,expired,281,,850
488,2026-06-30 10:25:48.443201+00,expired,1309,,429
160,2026-04-25 20:05:24.939875+00,expired,283,,327
279,2026-05-04 13:09:38.239938+00,expired,466,,886
359,2026-05-11 15:41:25.874131+00,expired,586,,922
377,2026-07-11 23:40:00+00,expired,616,75,77
415,2026-05-16 23:00:00+00,expired,699,,944
537,2026-07-09 18:38:11.380132+00,expired,1416,,1004
792,2026-07-23 14:01:52.748596+00,expired,1663,303,1147
506,2026-07-08 19:39:15.606307+00,expired,1286,,990
643,2026-07-02 20:14:03.57399+00,expired,1295,,1037
274,2026-07-01 23:27:00+00,expired,1392,,478
508,2026-07-10 06:36:06.632707+00,expired,1299,46,989
641,2026-07-02 09:03:30.938451+00,expired,1289,,418
677,2026-07-09 23:01:00+00,expired,1424,,1056
672,2026-07-09 19:44:47.791549+00,expired,1397,77,1052
305,2026-07-05 17:27:27.327603+00,expired,1363,,350
660,2026-07-07 11:02:50.346277+00,expired,1366,,411
634,2026-06-30 18:48:39.224698+00,expired,1272,,745
797,2026-07-23 15:44:43.21965+00,expired,1668,304,118
504,2026-07-09 09:37:31.294198+00,expired,1407,45,987
638,2026-07-01 21:31:54.884398+00,expired,1287,,703
673,2026-07-10 04:50:54.932844+00,expired,1415,,1031
648,2026-07-02 23:00:00+00,expired,1321,27,349
489,2026-06-30 10:25:57.740472+00,expired,1310,123,429
490,2026-06-30 10:26:04.815347+00,expired,1312,40,429
675,2026-07-10 20:30:07.452314+00,expired,1422,,1055
650,2026-07-12 23:22:00+00,expired,1327,,327
651,2026-07-03 23:51:00+00,expired,1329,,85
658,2026-07-06 15:59:50.423684+00,expired,1356,,569
668,2026-07-09 08:22:49.744518+00,expired,1387,,875
841,2026-07-26 23:08:00+00,expired,1749,140,1175
30,2026-07-15 19:50:55.441649+00,expired,50,,523
793,2026-07-23 14:01:57.631306+00,expired,1664,306,1150
602,2026-06-25 22:53:03.858256+00,expired,1196,,1026
465,2026-05-26 09:16:24.436034+00,expired,826,,394
679,2026-08-08 23:04:00+00,active,2014,100,1062
578,2026-07-27 09:36:22.150531+00,expired,1846,224,176
726,2026-08-17 21:06:39.635985+00,active,2238,152,1090
753,2026-08-19 20:48:20.351357+00,active,2275,215,1107
723,2026-08-17 19:48:06.560845+00,active,2185,226,1089
865,2026-08-01 12:35:10.766793+00,active,1848,75,839
847,2026-07-29 16:02:46.273667+00,active,1791,326,1182
814,2026-08-25 08:37:56.764888+00,active,2121,42,979
810,2026-09-24 10:13:37.398202+00,active,1694,314,832
870,2026-07-31 23:53:00+00,active,1857,29,1203
849,2026-09-26 23:42:00+00,active,1795,54,1186
609,2026-08-03 11:39:12.450716+00,active,1797,290,10
914,2026-08-07 11:46:58.777418+00,active,1905,258,224
854,2026-09-06 16:21:27.943733+00,active,2076,329,1193
936,2026-08-08 14:39:08.018897+00,active,1998,30,1244
886,2027-01-25 23:56:00+00,active,1899,45,184
910,2026-08-07 07:18:26.923864+00,active,1954,123,1229
751,2026-09-19 18:34:31.632861+00,active,1591,316,884
934,2026-08-04 23:50:00+00,active,1992,102,1214
912,2026-08-07 07:39:39.880326+00,active,1959,296,1232
924,2026-10-07 19:04:39.108614+00,active,1969,357,1165
824,2026-09-26 13:05:42.451364+00,active,1724,139,1168
926,2026-08-07 19:06:27.923377+00,active,1974,58,1238
826,2026-09-23 23:17:00+00,active,1719,36,1165
908,2026-08-06 18:28:22.879389+00,active,1950,349,887
889,2026-08-04 12:36:19.952225+00,active,1907,345,1220
891,2026-08-04 18:26:40.03988+00,active,1918,347,569
893,2026-08-04 22:31:31.754628+00,active,1917,76,1012
895,2026-08-04 22:45:45.798223+00,active,1915,107,1216
897,2026-08-04 23:58:49.885293+00,active,1928,343,957
916,2026-08-07 11:56:13.639935+00,active,1961,353,1234
918,2026-08-07 12:52:38.711884+00,active,1963,353,1236
920,2026-08-07 18:31:24.263117+00,active,1964,354,1235
928,2026-08-07 20:14:19.903973+00,active,1983,40,1219
930,2026-08-07 21:04:41.796054+00,active,1988,118,590
932,2026-08-07 22:35:25.253064+00,active,1990,153,1240
939,2026-08-08 23:51:19.561523+00,active,2015,352,1247
941,2026-08-09 13:51:13.640668+00,active,2020,33,915
943,2026-08-09 14:06:33.125845+00,active,2018,122,1249
947,2026-08-09 15:33:06.263389+00,active,2030,75,1251
945,2026-10-09 15:31:15.949268+00,active,2031,20,23
307,2026-08-05 19:44:36.644451+00,active,2035,219,671
951,2026-08-09 21:10:20.165347+00,active,2040,315,418
953,2026-08-08 23:14:00+00,active,2043,15,1172
955,2026-08-09 23:21:00+00,active,2042,317,1255
956,2026-08-09 23:42:15.491766+00,active,2045,32,1256
1055,2026-08-23 23:10:00+00,active,2327,79,928
586,2026-07-29 23:59:00+00,active,1767,287,432
929,2026-08-07 21:04:39.664923+00,active,1948,130,590
879,2026-08-03 14:26:32.914604+00,active,1879,198,1208
832,2026-12-27 22:10:39.040713+00,active,1743,318,1174
873,2026-08-02 10:55:04.294281+00,active,1863,338,1009
795,2026-12-23 14:34:25.928059+00,active,1666,297,1148
876,2026-08-02 22:39:03.109808+00,active,1871,55,521
881,2026-10-03 15:22:31.827437+00,active,1882,340,118
883,2026-08-03 19:06:35.461948+00,active,1895,341,258
940,2026-08-09 09:02:56.305455+00,active,2017,351,1248
855,2026-07-30 16:30:15.141361+00,active,1825,332,21
228,2026-07-28 21:26:00+00,active,1837,124,533
777,2026-12-22 11:30:12.70738+00,active,1635,78,635
885,2027-01-25 23:56:00+00,active,1898,117,184
890,2026-08-04 18:25:27.022654+00,active,1919,346,1120
892,2026-08-04 18:50:47.437846+00,active,1921,76,548
799,2026-08-23 16:09:48.889213+00,active,2232,304,1151
583,2026-08-20 20:55:34.391682+00,active,2236,195,19
770,2026-08-20 23:21:00+00,active,2295,139,1123
828,2026-08-26 20:50:09.41559+00,active,2271,41,1171
768,2026-08-21 12:00:13.381909+00,active,2285,218,1121
866,2026-08-01 12:35:56.036602+00,active,1844,328,730
834,2026-09-24 23:40:00+00,active,1753,322,1176
868,2026-08-01 21:33:33.203151+00,active,1850,335,68
869,2026-07-30 23:53:00+00,active,1855,336,1202
887,2026-08-03 22:49:24.705446+00,active,1902,344,1213
933,2026-08-14 23:04:00+00,active,1991,57,892
836,2026-07-28 11:54:01.460128+00,active,1755,133,22
894,2026-10-04 22:36:08.502312+00,active,1916,72,1186
842,2026-07-27 23:34:00+00,active,1763,231,1178
896,2026-08-04 23:53:00+00,active,1927,333,392
911,2026-08-07 07:30:58.163393+00,active,1958,114,1229
827,2026-07-25 23:30:00+00,expired,1728,114,1166
812,2026-07-24 14:29:52.130842+00,expired,1699,278,1161
808,2026-07-24 07:54:07.850189+00,expired,1689,116,1152
676,2026-07-10 21:36:00.342962+00,expired,1423,,1054
576,2026-06-19 19:11:52.163981+00,expired,1130,,28
140,2026-06-21 23:28:00+00,expired,1229,,427
662,2026-07-08 13:33:17.989816+00,expired,1375,,737
176,2026-05-26 23:13:00+00,expired,963,,857
681,2026-07-11 17:15:08.514769+00,expired,1435,,1063
444,2026-07-11 23:55:00+00,expired,1458,77,928
683,2026-07-11 20:06:41.574144+00,expired,1442,54,1065
370,2026-07-18 15:00:45.76198+00,expired,1440,37,925
790,2026-07-23 13:20:40.258548+00,expired,1662,8,928
822,2026-07-26 12:23:40.096502+00,expired,1721,314,1167
678,2026-07-11 00:43:03.840103+00,expired,1425,,1058
825,2026-07-26 13:46:19.076749+00,expired,1725,313,1169
820,2026-07-25 21:23:39.928263+00,expired,1718,320,916
816,2026-07-25 13:24:14.535895+00,expired,1700,212,928
818,2026-07-25 20:27:19.953414+00,expired,1716,319,119
802,2026-07-23 19:56:33.759764+00,expired,1681,301,1153
830,2026-07-27 11:40:14.411971+00,expired,1742,155,790
455,2026-05-24 09:17:13.327555+00,expired,801,,969
199,2026-07-27 16:49:13.746506+00,expired,1800,140,863
840,2026-07-26 23:06:00+00,expired,1759,48,1177
584,2026-06-20 23:22:00+00,expired,1151,53,67
831,2026-07-27 18:22:01.89001+00,expired,1747,,1
838,2026-07-26 23:05:00+00,expired,1757,132,1177
875,2026-08-09 21:00:46.304434+00,active,1869,337,131
898,2026-08-05 12:09:15.143397+00,active,1929,342,1223
900,2026-08-05 14:12:46.692403+00,active,1936,123,358
902,2026-08-05 14:34:31.610799+00,active,1938,95,608
819,2026-09-25 20:28:26.480361+00,active,1717,317,1144
904,2026-08-05 15:41:34.513811+00,active,1940,210,1226
906,2026-10-05 18:15:12.804696+00,active,1943,328,1199
913,2026-08-07 10:07:29.739641+00,active,1960,354,1233
907,2026-08-06 11:13:54.015946+00,active,1947,17,1210
844,2026-07-28 16:20:00.212316+00,active,1766,327,1181
915,2026-10-07 11:49:17.379434+00,active,1951,77,367
917,2026-08-07 12:51:29.131196+00,active,1906,355,1219
846,2026-07-29 16:01:01.560633+00,active,1786,201,67
848,2026-07-28 23:29:00+00,active,1785,13,1184
850,2026-07-28 23:15:00+00,active,1792,325,1185
919,2026-08-07 18:26:10.386729+00,active,1970,356,745
921,2026-08-07 18:49:33.728214+00,active,1972,356,1182
909,2026-08-07 07:14:17.336922+00,active,1945,351,1143
925,2026-08-07 19:06:25.367498+00,active,1973,358,1238
927,2026-08-07 19:06:53.342355+00,active,1967,58,952
931,2026-08-07 22:31:51.992686+00,active,1989,349,1241
935,2026-10-08 11:59:37.224561+00,active,1994,78,1242
937,2026-08-08 14:39:08.574399+00,active,1996,202,1243
938,2026-08-08 23:23:37.248314+00,active,2010,108,1245
653,2026-08-03 23:56:00+00,active,2027,255,676
942,2026-08-09 13:57:16.62533+00,active,2011,93,1246
944,2026-10-09 14:54:02.145497+00,active,2028,203,1250
946,2026-08-09 15:33:01.77642+00,active,2029,20,640
948,2026-12-21 23:00:00+00,active,2034,301,1253
950,2026-08-09 16:17:54.517854+00,active,2036,228,1252
952,2026-08-09 22:08:40.33301+00,active,1987,,582
954,2026-08-09 23:16:19.609332+00,active,2041,117,498
1000,2026-08-16 11:29:34.834451+00,active,2157,201,703
999,2026-08-16 11:26:25.904707+00,active,2156,72,387
1001,2026-08-16 11:41:54.235937+00,active,2158,31,1294
997,2026-08-16 10:42:53.384978+00,active,2145,373,1291
970,2026-08-12 09:34:07.01454+00,active,2073,367,1267
971,2026-08-12 10:10:28.371846+00,active,2074,212,1269
972,2026-08-12 10:28:13.614582+00,active,2077,300,28
973,2026-08-12 13:55:26.301565+00,active,2078,369,1271
974,2026-08-12 14:33:00.081193+00,active,2079,72,358
975,2026-08-12 17:28:15.09059+00,active,2085,11,1273
976,2026-10-13 11:17:19.385572+00,active,2091,27,1277
1002,2026-08-16 16:33:46.364274+00,active,2160,116,28
1003,2026-08-16 17:06:31.44668+00,active,2161,378,28
977,2026-08-08 23:22:00+00,active,2089,184,1275
978,2026-08-13 12:01:49.946533+00,active,2088,183,418
979,2026-08-13 12:12:13.685209+00,active,2094,364,1279
981,2026-08-13 14:48:24.230973+00,active,2101,77,44
982,2026-08-13 14:50:24.944854+00,active,2098,28,390
984,2026-08-13 18:33:35.910449+00,active,2117,66,1278
986,2026-08-13 20:17:10.438607+00,active,2123,69,1031
987,2026-08-12 23:39:00+00,active,2127,188,1285
1004,2026-08-16 18:25:29.261819+00,active,2167,149,1297
1005,2026-08-15 23:30:00+00,active,2169,22,1296
1006,2026-08-17 00:08:21.937213+00,active,2171,77,743
1007,2026-08-17 00:10:04.597003+00,active,2170,68,1295
1008,2026-08-15 23:14:00+00,active,2175,114,478
988,2026-08-14 18:34:24.413366+00,active,2132,370,1287
989,2026-08-14 18:34:25.140013+00,active,2133,371,1287
985,2026-08-13 19:31:43.251032+00,active,2124,67,1283
983,2026-08-13 16:52:42.581022+00,active,2116,116,1229
980,2026-08-13 14:48:10.464836+00,active,2096,282,44
990,2026-08-15 13:29:13.615012+00,active,2129,173,697
992,2026-08-15 13:49:08.808775+00,active,2131,169,1004
993,2026-10-15 15:22:58.585055+00,active,2143,105,1289
995,2026-08-15 16:57:10.972002+00,active,2146,35,1226
996,2026-08-15 19:25:51.233008+00,active,2148,199,1292
1017,2026-08-18 12:14:36.022264+00,active,2198,61,1301
1018,2026-08-18 15:21:15.210941+00,active,2186,99,1058
1019,2026-10-17 23:35:00+00,active,2208,25,232
1020,2026-08-18 21:31:52.05254+00,active,2210,96,1304
998,2026-08-16 11:17:37.590884+00,active,2154,31,1293
991,2026-08-15 13:34:53.915055+00,active,2130,142,161
1021,2026-08-19 07:21:27.719776+00,active,2209,98,671
625,2026-08-18 23:18:00+00,active,2177,280,60
1009,2026-08-17 19:31:03.35072+00,active,2178,379,1298
1010,2026-10-17 20:03:04.933797+00,active,2181,125,1278
1011,2026-08-17 20:46:35.696676+00,active,2180,8,1002
1014,2026-08-17 21:49:06.531545+00,active,2176,148,707
1012,2026-08-17 21:37:18.555721+00,active,2182,372,1241
1013,2026-08-17 21:46:32.529854+00,active,2188,232,1299
1015,2026-08-17 22:26:17.2641+00,active,2189,127,1300
1016,2026-10-18 00:59:06.680674+00,active,2192,119,1278
1022,2026-08-19 07:26:53.982343+00,active,2203,93,1303
1056,2026-08-23 23:26:00+00,active,2321,214,1318
1023,2026-08-19 08:38:17.832098+00,active,2214,78,1127
1024,2026-10-19 11:18:34.603791+00,active,2216,96,1164
1025,2026-08-18 23:21:00+00,active,2218,380,747
1026,2026-08-19 12:21:37.391268+00,active,2219,380,22
1027,2026-08-19 12:21:39.621529+00,active,2220,381,695
1028,2026-08-19 13:12:32.387683+00,active,2221,382,695
1057,2027-01-24 16:42:28.919822+00,active,2328,199,1320
1035,2026-08-22 23:00:00+00,active,2270,211,1312
813,2026-07-24 14:40:48.418437+00,expired,1698,313,1160
811,2026-08-24 10:14:27.147849+00,active,2353,312,1159
41,2026-06-16 12:35:20.128866+00,expired,1125,,112
172,2026-05-22 23:29:00+00,expired,837,,540
809,2026-07-24 08:21:09.32697+00,expired,1691,125,1152
303,2026-06-03 14:14:00+00,expired,988,,158
562,2026-06-15 21:47:46.162224+00,expired,1093,,336
817,2026-07-25 17:05:05.15005+00,expired,1713,67,601
70,2026-06-17 12:52:00+00,expired,1117,,498
821,2026-07-25 22:40:57.271441+00,expired,1720,259,1166
994,2026-07-26 23:14:00+00,expired,2144,116,1177
51,2026-06-17 23:57:00+00,expired,71,,635
79,2026-06-18 20:19:47.314267+00,expired,118,,795
755,2026-08-20 09:11:42.270756+00,active,2223,50,1111
1029,2026-08-20 17:16:59.440088+00,active,2217,119,1111
1030,2026-08-20 18:16:17.855172+00,active,2229,384,1307
1034,2026-08-21 14:47:20.66303+00,active,2261,170,1311
691,2026-08-20 14:56:37.497205+00,active,2268,145,33
1036,2026-08-21 21:23:54.516936+00,active,2277,134,964
1037,2026-10-22 11:04:17.250574+00,active,2280,,1315
1039,2026-10-22 11:04:22.429511+00,active,2281,172,1315
1038,2026-10-22 11:04:20.162907+00,active,2282,47,1315
1040,2026-08-22 13:41:56.025378+00,active,2284,172,1091
1041,2026-08-21 23:06:00+00,active,2290,154,371
442,2026-08-20 21:07:10.759552+00,active,2247,126,964
443,2026-08-20 21:12:48.690462+00,active,2243,118,964
764,2026-08-20 15:07:43.278837+00,active,2250,48,1114
763,2026-08-20 15:06:45.413581+00,active,2251,53,1114
762,2026-08-20 15:06:37.60468+00,active,2252,134,1114
761,2026-08-20 15:06:33.778699+00,active,2253,126,1114
760,2026-08-20 15:06:29.681667+00,active,2254,286,1114
759,2026-08-20 15:06:25.447306+00,active,2255,119,1114
1031,2026-08-19 23:21:00+00,active,2239,384,1309
1032,2026-08-19 23:26:00+00,active,2256,383,1037
1033,2026-08-19 23:42:00+00,active,2257,183,812
1043,2026-08-21 23:24:00+00,active,2292,21,1317
1044,2026-08-20 23:19:00+00,active,2293,170,92
1058,2026-08-24 18:54:16.724653+00,active,2314,385,610
1059,2026-08-21 23:09:00+00,active,2329,62,1314
1060,2026-08-24 22:35:17.474643+00,active,2331,52,1321
703,2026-08-16 10:42:51.093452+00,active,2311,271,610
587,2026-08-22 15:25:35.819803+00,active,2325,94,1020
1061,2026-08-24 22:35:22.126224+00,active,2332,135,1321
344,2026-08-08 21:44:31.407523+00,active,2334,257,176
781,2026-08-22 19:46:57.658893+00,active,2326,160,1137
1062,2026-08-24 22:35:23.44052+00,active,2333,116,1321
800,2026-08-21 23:21:00+00,active,2343,303,1129
574,2026-06-18 08:23:58.970004+00,expired,1124,,98
497,2026-05-31 22:00:29.680188+00,expired,914,,108
342,2026-07-08 18:28:59.815479+00,expired,1382,135,475
481,2026-05-28 20:13:28.627168+00,expired,864,,985
217,2026-05-29 17:22:00.743586+00,expired,871,,865
71,2026-04-19 09:59:40.768834+00,expired,105,,809
557,2026-06-14 18:08:21.736932+00,expired,1078,,1011
514,2026-06-03 15:48:32.221786+00,expired,947,,939
475,2026-05-27 22:32:06.469501+00,expired,845,,981
233,2026-05-30 17:01:08.640207+00,expired,927,,87
260,2026-06-02 17:28:38.880363+00,expired,954,,879
63,2026-04-18 17:14:35.845304+00,expired,89,,683
565,2026-06-16 14:19:39.939145+00,expired,1100,,1012
456,2026-05-24 15:06:47.907928+00,expired,802,,743
567,2026-06-17 18:11:15.394244+00,expired,1116,,554
173,2026-05-24 23:28:00+00,expired,836,,540
606,2026-06-26 20:21:45.327608+00,expired,1203,130,887
131,2026-05-24 17:26:44.376721+00,expired,811,,398
98,2026-06-21 13:10:22.21235+00,expired,1185,,827
77,2026-06-18 13:42:07.929327+00,expired,1141,,707
169,2026-04-25 23:48:00+00,expired,298,,102
577,2026-06-19 20:05:50.622448+00,expired,1131,285,452
530,2026-06-07 20:38:11.692343+00,expired,982,,528
23,2026-05-16 00:00:00.989165+00,expired,765,,787
580,2026-06-20 13:38:30.511211+00,expired,1138,123,887
547,2026-06-13 10:02:24.864376+00,expired,1065,,1008
447,2026-05-22 12:24:58.993808+00,expired,780,,964
459,2026-05-25 13:59:08.430689+00,expired,810,,973
205,2026-05-28 23:42:00+00,expired,867,,607
329,2026-06-15 10:16:13.048519+00,expired,1026,,907
603,2026-06-28 23:48:00+00,expired,1198,25,843
600,2026-06-24 19:40:31.420889+00,expired,1188,75,959
223,2026-05-29 19:52:41.533392+00,expired,888,,100
472,2026-05-27 15:49:54.93504+00,expired,841,,978
68,2026-05-18 21:09:05.808031+00,expired,790,,807
555,2026-06-14 10:17:50.844493+00,expired,1075,,1010
102,2026-04-22 14:15:22.422072+00,expired,188,,826
585,2026-06-20 23:50:00+00,expired,1154,,67
686,2026-07-12 14:46:35.87243+00,expired,1451,,763
84,2026-04-20 13:03:17.298993+00,expired,127,,812
106,2026-04-22 16:03:22.991693+00,expired,193,,830
81,2026-05-19 00:00:00+00,expired,729,,393
430,2026-07-19 00:00:00+00,expired,731,52,884
86,2026-04-20 16:00:28.595752+00,expired,130,,123
69,2026-06-11 18:51:36.681565+00,expired,100,,618
113,2026-06-21 19:17:59.162996+00,expired,202,,832
83,2026-04-19 22:00:17.393214+00,expired,124,,815
141,2026-04-24 21:25:08.41661+00,expired,252,,843
431,2026-07-19 00:00:00+00,expired,733,116,884
89,2026-04-19 23:23:00+00,expired,135,,425
696,2026-07-14 17:27:56.151439+00,expired,1478,119,179
147,2026-05-29 09:56:00+00,expired,256,,827
706,2026-07-11 23:26:00+00,expired,1499,35,1077
704,2026-07-12 23:47:00+00,expired,1497,,1073
784,2026-07-22 20:39:22.151815+00,expired,1650,52,1138
710,2026-07-14 23:07:00+00,expired,1503,,1078
556,2026-07-14 13:34:22.622844+00,expired,1502,,300
712,2026-07-16 19:10:27.533437+00,expired,1508,,1081
713,2026-07-16 20:31:37.572988+00,expired,1511,,1082
722,2026-07-17 19:37:19.556417+00,expired,1539,,136
714,2026-07-17 10:08:53.030636+00,expired,1515,,827
747,2026-07-19 15:15:09.714088+00,expired,1586,126,1108
739,2026-07-18 19:45:39.242259+00,expired,1566,27,1100
698,2026-07-14 18:21:27.260968+00,expired,1479,270,194
571,2026-07-17 20:54:11.571743+00,expired,1500,76,887
446,2026-10-21 11:36:28.111097+00,active,2389,230,299
720,2026-07-17 16:09:22.197839+00,expired,1536,116,1087
449,2026-05-20 23:57:00+00,expired,768,,963
740,2026-07-18 20:34:01.327563+00,expired,1567,6,1096
749,2026-07-19 18:12:35.053215+00,expired,1585,54,1063
798,2026-07-21 23:03:00+00,expired,1667,307,1140
1063,2026-08-24 23:36:00+00,active,2335,215,1047
598,2027-04-01 12:18:00+00,active,2336,268,2
3,2026-08-13 23:06:00+00,active,2339,60,785
1064,2026-08-25 12:38:01.249132+00,active,2341,70,1322
786,2026-08-22 23:34:41.320228+00,active,2345,307,1131
1065,2026-10-21 23:25:00+00,active,2346,44,1316
1066,2026-08-25 16:27:08.146626+00,active,2344,37,541
1067,2026-08-24 23:05:00+00,active,2348,59,1325
1068,2026-10-24 23:03:00+00,active,2350,191,1326
1069,2026-08-25 19:18:11.135365+00,active,2349,386,118
283,2026-05-05 13:53:43.364199+00,expired,477,,289
642,2026-07-02 09:29:48.650226+00,expired,1292,,469
362,2026-05-11 17:13:21.226448+00,expired,593,,27
1070,2026-08-24 23:39:00+00,active,2351,230,1327
1071,2026-08-25 22:35:15.204577+00,active,2359,98,990
1072,2026-08-25 22:36:04.646509+00,active,2355,30,1329
461,2026-07-25 08:16:58.253663+00,expired,822,125,228
458,2026-06-23 21:34:41.436864+00,expired,1134,,971
463,2026-07-25 08:17:00.026158+00,expired,824,78,228
218,2026-04-27 14:51:00+00,expired,370,,642
392,2026-06-13 17:46:43.522962+00,expired,1115,,165
754,2026-07-19 21:16:48.761061+00,expired,1593,,1110
464,2026-07-25 08:17:00.730751+00,expired,825,131,228
280,2026-05-04 14:35:32.114657+00,expired,467,,887
404,2026-05-17 13:38:17.474259+00,expired,673,,770
655,2026-07-05 20:34:03.142257+00,expired,1341,16,1039
632,2026-06-30 17:24:53.807717+00,expired,1271,46,87
689,2026-07-19 23:56:36.327867+00,expired,1457,79,1069
715,2026-07-17 10:09:04.297507+00,expired,1514,118,827
198,2026-05-28 16:47:17.327444+00,expired,858,,863
705,2026-07-16 10:52:26.834347+00,expired,1495,,450
682,2026-07-11 20:06:38.810196+00,expired,1445,,1065
659,2026-08-27 11:00:00+00,active,2375,258,913
769,2026-07-21 12:14:02.868615+00,expired,1617,79,1122
765,2026-07-20 15:47:40.832622+00,expired,1613,44,1116
743,2026-07-16 23:10:00+00,expired,1572,294,1101
685,2026-07-12 14:46:33.10666+00,expired,1450,49,763
774,2026-07-21 20:16:42.3873+00,expired,1628,,851
756,2026-07-20 12:18:40.908971+00,expired,1603,,792
425,2026-07-18 00:00:00+00,expired,1627,,423
748,2026-07-19 18:12:29.940803+00,expired,1587,114,1063
767,2026-07-21 12:00:09.156676+00,expired,1615,309,1120
815,2026-07-25 08:45:31.484939+00,expired,1705,217,1162
785,2026-07-22 20:50:03.871288+00,expired,1652,124,232
778,2026-07-22 13:43:14.098681+00,expired,1640,150,1130
718,2026-07-15 23:08:00+00,expired,1530,,1085
719,2026-07-15 23:56:00+00,expired,1535,,1086
745,2026-07-19 10:22:08.963467+00,expired,1577,5,1104
717,2026-07-17 11:36:31.772796+00,expired,1519,,1084
725,2026-07-17 20:37:24.887271+00,expired,1541,293,913
721,2026-07-17 16:09:27.925956+00,expired,1534,125,1087
731,2026-07-17 23:27:00+00,expired,1559,114,624
730,2026-07-18 08:03:18.923343+00,expired,1555,53,624
775,2026-07-21 21:08:14.74473+00,expired,1631,55,1127
734,2026-07-18 09:40:26.891603+00,expired,1561,,1091
724,2026-07-15 23:10:00+00,expired,1542,136,838
829,2026-07-25 23:09:00+00,expired,1734,141,1172
779,2026-07-22 19:04:47.503364+00,expired,1641,305,1132
787,2026-07-19 23:04:00+00,expired,1657,308,1142
789,2026-07-23 10:05:50.786554+00,expired,1658,,1143
741,2026-07-18 21:10:31.603628+00,expired,1569,117,838
776,2026-07-21 21:14:16.425507+00,expired,1632,117,1127
783,2026-07-22 20:39:13.031056+00,expired,1651,118,1138
804,2026-07-24 23:46:00+00,expired,1683,97,1155
1073,2026-08-25 23:58:00+00,active,2365,214,1330
551,2026-06-13 12:05:48.647542+00,expired,1071,,1009
300,2026-08-25 23:59:00+00,active,2368,49,773
242,2026-05-31 19:31:39.614763+00,expired,907,,120
78,2026-06-18 16:56:37.987712+00,expired,112,162,811
244,2026-06-01 12:31:32.603677+00,expired,895,,873
601,2026-06-25 22:53:03.085793+00,expired,1195,55,1026
510,2026-05-30 23:13:00+00,expired,939,,986
664,2026-07-07 23:29:00+00,expired,1377,2,540
499,2026-06-01 07:59:42.470603+00,expired,915,50,816
462,2026-07-25 08:16:59.124199+00,expired,823,117,228
624,2026-06-29 14:49:31.220641+00,expired,1254,30,762
351,2026-05-02 11:41:00+00,expired,575,,92
248,2026-07-01 18:34:15.699953+00,expired,422,79,431
386,2026-07-13 12:51:29.392463+00,expired,625,41,827
61,2026-04-18 13:59:10.26684+00,expired,80,,170
219,2026-04-28 14:49:00+00,expired,371,,642
381,2026-05-11 23:55:00+00,expired,622,,930
162,2026-04-26 11:09:19.866638+00,expired,285,,852
272,2026-07-02 23:04:18.928586+00,expired,456,,884
241,2026-05-01 18:39:46.817339+00,expired,410,,869
316,2026-05-07 16:17:07.628284+00,expired,521,,900
358,2026-07-05 23:01:00+00,expired,580,29,921
636,2026-07-01 05:48:04.077439+00,expired,1275,,3
417,2026-05-18 19:51:36.459537+00,expired,700,,955
674,2026-07-10 11:42:17.549977+00,expired,1418,78,842
522,2026-07-05 19:57:03.622965+00,expired,1330,15,999
379,2026-07-12 15:22:50.873095+00,expired,1595,31,691
690,2026-07-13 11:44:13.60842+00,expired,1460,77,1070
837,2026-07-26 23:02:00+00,expired,1756,49,1177
732,2026-07-18 08:29:54.731961+00,expired,1558,5,1093
773,2026-07-21 20:16:38.691166+00,expired,1626,,1126
807,2026-07-20 23:55:00+00,expired,1686,24,1157
663,2026-07-07 23:29:00+00,expired,1376,,540
127,2026-05-24 01:41:30.29828+00,expired,809,,450
633,2026-06-30 18:48:20.281906+00,expired,1273,131,255
839,2026-07-26 23:06:00+00,expired,1758,122,1177
1074,2026-08-28 20:52:33.6625+00,active,2384,,883
1075,2026-08-28 20:52:35.900705+00,active,2376,,883
